模型1,模型2,顶点数1,顶点数2,总顶点对,CPU时间(s),GPU时间(s),加速比,最小距离,顶点对
alien-animal,buddha,23385,427519,9997531815,2.14732,0.31448,6.82,13.227839,19763, 132217
alien-animal,my-bunny,23385,34834,814593090,0.20438,0.23373,.87,9.377447,22937, 23122
alien-animal,wheeler,23385,100412,2348134620,0.59861,0.26272,2.27,0.660590,19763, 35736
buddha,my-bunny,427519,34834,14892196846,3.01869,0.27982,10.78,9.738949,207808, 11960
buddha,wheeler,427519,100412,42928037828,8.59131,0.32141,26.73,1.642743,66277, 23623
my-bunny,wheeler,34834,100412,3497751608,0.75949,0.26594,2.85,0.016064,7164, 61690
