模型1,模型2,顶点数1,顶点数2,总顶点对,CPU时间(s),GPU时间(s),加速比,最小距离,顶点对
alien-animal,buddha,23385,427519,9997531815,2.24869,0.52789,4.25,13.227839,19763, 132217
alien-animal,my-bunny,23385,34834,814593090,0.23586,0.32886,.71,9.376678,20688, 23122
alien-animal,wheeler,23385,100412,2348134620,0.63498,0.43947,1.44,0.660590,19763, 35736
buddha,my-bunny,427519,34834,14892196846,3.48113,0.36750,9.47,9.738949,207808, 11960
buddha,wheeler,427519,100412,42928037828,9.42886,0.46031,20.48,1.642743,66277, 23623
my-bunny,wheeler,34834,100412,3497751608,0.86663,0.43894,1.97,0.016064,7164, 61690
